number of features,accuracy
300,0.756572029442692
495,0.741324921135647
600,0.741324921135647
1000,0.741324921135647
1500,0.741324921135647
3000,0.741324921135647