number of features,accuracy
300 , 0.831756046267087 
495 , 0.85751840168244
600 , 0.856466876971609            
1000, 0.80704521556
1500, 0.821766561514196
3000, 0.70136698212408