number of features,accuracy
300,0.770767613038906
495,0.786540483701367
600,0.791272344900105
1000,0.80546792849632
1500,0.816508937960042
3000,0.830178759200841